city_id,city_name,province_id
1,Caloocan City,1
2,Las Pinas City,1
3,Makati City,1
4,Malabon City,1
5,Mandaluyong City,1
6,Manila - Tondo,1
7,Marikina City,1
8,Muntinlupa City,1
9,Navotas,1
10,Paranaque City,1
11,Pasay City,1
12,Pasig City,1
13,Pateros,1
14,Quezon City,1
15,San Juan,1
16,Taguig,1
17,Valenzuela City,1
18,Manila - Binondo,1
19,Manila - Quiapo,1
20,Manila - San Nicolas,1
21,Manila - Sta. Cruz,1
22,Manila - Sampaloc,1
23,Manila - San Miguel,1
24,Manila - Ermita,1
25,Manila - Intramuros,1
26,Manila - Malate,1
27,Manila - Paco,1
28,Manila - Pandacan,1
29,Manila - Port Area,1
30,Manila - Sta. Ana,1
31,Mountain Province - Tadian,7
32,Mountain Province - Barlig,7
33,Mountain Province - Bauko,7
34,Mountain Province - Besao,7
35,Mountain Province - Bontoc (Capital),7
36,Mountain Province - Natonin,7
37,Mountain Province - Paracelis,7
38,Mountain Province - Sabangan,7
39,Mountain Province - Sadanga,7
40,Mountain Province - Sagada,7
41,Kalinga - BALBALAN,6
42,Kalinga - LUBUAGAN,6
43,Kalinga - PASIL,6
44,Kalinga - PINUKPUK,6
45,Kalinga - RIZAL (LIWAN),6
46,Kalinga - CITY OF TABUK (Capital),6
47,Kalinga - TANUDAN,6
48,Kalinga - TINGLAYAN,6
49,Ifugao - BANAUE,5
50,Ifugao - HUNGDUAN,5
51,Ifugao - KIANGAN,5
52,Ifugao - LAGAWE (Capital),5
53,Ifugao - LAMUT,5
54,Ifugao - MAYOYAO,5
55,Ifugao - ALFONSO LISTA (POTIA),5
56,Ifugao - AGUINALDO,5
57,Ifugao - HINGYON,5
58,Ifugao - TINOC,5
59,Ifugao - ASIPULO,5
60,Apayao - CALANASAN (BAYAG),3
61,Apayao - CONNER,3
62,Apayao - FLORA,3
63,Apayao - KABUGAO (Capital),3
64,Apayao - LUNA,3
65,Apayao - PUDTOL,3
66,Apayao - SANTA MARCELA,3
67,Benguet - ATOK,4
68,Benguet - BAGUIO CITY,4
69,Benguet - BAKUN,4
70,Benguet - BOKOD,4
71,Benguet - BUGUIAS,4
72,Benguet - ITOGON,4
73,Benguet - KABAYAN,4
74,Benguet - KAPANGAN,4
75,Benguet - KIBUNGAN,4
76,Benguet - LA TRINIDAD (Capital),4
77,Benguet - MANKAYAN,4
78,Benguet - SABLAN,4
79,Benguet - TUBA,4
80,Benguet - TUBLAY,4
81,Abra - BANGUED (Capital),2
82,Abra - BOLINEY,2
83,Abra - BUCAY,2
84,Abra - BUCLOC,2
85,Abra - DAGUIOMAN,2
86,Abra - DANGLAS,2
87,Abra - DOLORES,2
88,Abra - LA PAZ,2
89,Abra - LACUB,2
90,Abra - LAGANGILANG,2
91,Abra - LAGAYAN,2
92,Abra - LANGIDEN,2
93,Abra - LICUAN-BAAY (LICUAN),2
94,Abra - LUBA,2
95,Abra - MALIBCONG,2
96,Abra - MANABO,2
97,Abra - PEÑARRUBIA,2
98,Abra - PIDIGAN,2
99,Abra - PILAR,2
100,Abra - SALLAPADAN,2
101,Abra - SAN ISIDRO,2
102,Abra - SAN JUAN,2
103,Abra - SAN QUINTIN,2
104,Abra - TAYUM,2
105,Abra - TINEG,2
106,Abra - TUBO,2
107,Abra - VILLAVICIOSA,2
108,Ilocos Norte - ADAMS,8
109,Ilocos Norte - BACARRA,8
110,Ilocos Norte - BADOC,8
111,Ilocos Norte - BANGUI,8
112,Ilocos Norte - CITY OF BATAC,8
113,Ilocos Norte - BURGOS,8
114,Ilocos Norte - CARASI,8
115,Ilocos Norte - CURRIMAO,8
116,Ilocos Norte - DINGRAS,8
117,Ilocos Norte - DUMALNEG,8
118,Ilocos Norte - BANNA (ESPIRITU),8
119,Ilocos Norte - LAOAG CITY (Capital),8
120,Ilocos Norte - MARCOS,8
121,Ilocos Norte - NUEVA ERA,8
122,Ilocos Norte - PAGUDPUD,8
123,Ilocos Norte - PAOAY,8
124,Ilocos Norte - PASUQUIN,8
125,Ilocos Norte - PIDDIG,8
126,Ilocos Norte - PINILI,8
127,Ilocos Norte - SAN NICOLAS,8
128,Ilocos Norte - SARRAT,8
129,Ilocos Norte - SOLSONA,8
130,Ilocos Norte - VINTAR,8
131,Ilocos Sur - ALILEM,9
132,Ilocos Sur - BANAYOYO,9
133,Ilocos Sur - BANTAY,9
134,Ilocos Sur - BURGOS,9
135,Ilocos Sur - CABUGAO,9
136,Ilocos Sur - CITY OF CANDON,9
137,Ilocos Sur - CAOAYAN,9
138,Ilocos Sur - CERVANTES,9
139,Ilocos Sur - GALIMUYOD,9
140,Ilocos Sur - GREGORIO DEL PILAR (CONCEPCION),9
141,Ilocos Sur - LIDLIDDA,9
142,Ilocos Sur - MAGSINGAL,9
143,Ilocos Sur - NAGBUKEL,9
144,Ilocos Sur - NARVACAN,9
145,Ilocos Sur - QUIRINO (ANGKAKI),9
146,Ilocos Sur - SALCEDO (BAUGEN),9
147,Ilocos Sur - SAN EMILIO,9
148,Ilocos Sur - SAN ESTEBAN,9
149,Ilocos Sur - SAN ILDEFONSO,9
150,Ilocos Sur - SAN JUAN (LAPOG),9
151,Ilocos Sur - SAN VICENTE,9
152,Ilocos Sur - SANTA,9
153,Ilocos Sur - SANTA CATALINA,9
154,Ilocos Sur - SANTA CRUZ,9
155,Ilocos Sur - SANTA LUCIA,9
156,Ilocos Sur - SANTA MARIA,9
157,Ilocos Sur - SANTIAGO,9
158,Ilocos Sur - SANTO DOMINGO,9
159,Ilocos Sur - SIGAY,9
160,Ilocos Sur - SINAIT,9
161,Ilocos Sur - SUGPON,9
162,Ilocos Sur - SUYO,9
163,Ilocos Sur - TAGUDIN,9
164,Ilocos Sur - CITY OF VIGAN (Capital),9
165,La Union - AGOO,10
166,La Union - ARINGAY,10
167,La Union - BACNOTAN,10
168,La Union - BAGULIN,10
169,La Union - BALAOAN,10
170,La Union - BANGAR,10
171,La Union - BAUANG,10
172,La Union - BURGOS,10
173,La Union - CABA,10
174,La Union - LUNA,10
175,La Union - NAGUILIAN,10
176,La Union - PUGO,10
177,La Union - ROSARIO,10
178,La Union - CITY OF SAN FERNANDO (Capital),10
179,La Union - SAN GABRIEL,10
180,La Union - SAN JUAN,10
181,La Union - SANTO TOMAS,10
182,La Union - SANTOL,10
183,La Union - SUDIPEN,10
184,La Union - TUBAO,10
185,Pangasinan - AGNO,11
186,Pangasinan - AGUILAR,11
187,Pangasinan - CITY OF ALAMINOS,11
188,Pangasinan - ALCALA,11
189,Pangasinan - ANDA,11
190,Pangasinan - ASINGAN,11
191,Pangasinan - BALUNGAO,11
192,Pangasinan - BANI,11
193,Pangasinan - BASISTA,11
194,Pangasinan - BAUTISTA,11
195,Pangasinan - BAYAMBANG,11
196,Pangasinan - BINALONAN,11
197,Pangasinan - BINMALEY,11
198,Pangasinan - BOLINAO,11
199,Pangasinan - BUGALLON,11
200,Pangasinan - BURGOS,11
201,Pangasinan - CALASIAO,11
202,Pangasinan - DAGUPAN CITY,11
203,Pangasinan - DASOL,11
204,Pangasinan - INFANTA,11
205,Pangasinan - LABRADOR,11
206,Pangasinan - LINGAYEN (Capital),11
207,Pangasinan - MABINI,11
208,Pangasinan - MALASIQUI,11
209,Pangasinan - MANAOAG,11
210,Pangasinan - MANGALDAN,11
211,Pangasinan - MANGATAREM,11
212,Pangasinan - MAPANDAN,11
213,Pangasinan - NATIVIDAD,11
214,Pangasinan - POZZORUBIO,11
215,Pangasinan - ROSALES,11
216,Pangasinan - SAN CARLOS CITY,11
217,Pangasinan - SAN FABIAN,11
218,Pangasinan - SAN JACINTO,11
219,Pangasinan - SAN MANUEL,11
220,Pangasinan - SAN NICOLAS,11
221,Pangasinan - SAN QUINTIN,11
222,Pangasinan - SANTA BARBARA,11
223,Pangasinan - SANTA MARIA,11
224,Pangasinan - SANTO TOMAS,11
225,Pangasinan - SISON,11
226,Pangasinan - SUAL,11
227,Pangasinan - TAYUG,11
228,Pangasinan - UMINGAN,11
229,Pangasinan - URBIZTONDO,11
230,Pangasinan - CITY OF URDANETA,11
231,Pangasinan - VILLASIS,11
232,Pangasinan - LAOAC,11
233,Batanes - BASCO (Capital),12
234,Batanes - ITBAYAT,12
235,Batanes - IVANA,12
236,Batanes - MAHATAO,12
237,Batanes - SABTANG,12
238,Batanes - YUGAN,12
239,Cagayan - ABULUG,13
240,Cagayan - ALCALA,13
241,Cagayan - ALLACAPAN,13
242,Cagayan - AMULUNG,13
243,Cagayan - APARRI,13
244,Cagayan - BAGGAO,13
245,Cagayan - BALLESTEROS,13
246,Cagayan - BUGUEY,13
247,Cagayan - CALAYAN,13
248,Cagayan - CAMALANIUGAN,13
249,Cagayan - CLAVERIA,13
250,Cagayan - ENRILE,13
251,Cagayan - GATTARAN,13
252,Cagayan - GONZAGA,13
253,Cagayan - IGUIG,13
254,Cagayan - LAL-LO,13
255,Cagayan - LASAM,13
256,Cagayan - PAMPLONA,13
257,Cagayan - PEÑABLANCA,13
258,Cagayan - PIAT,13
259,Cagayan - RIZAL,13
260,Cagayan - SANCHEZ-MIRA,13
261,Cagayan - SANTA ANA,13
262,Cagayan - SANTA PRAXEDES,13
263,Cagayan - SANTA TERESITA,13
264,Cagayan - SANTO NIÑO (FAIRE),13
265,Cagayan - SOLANA,13
266,Cagayan - TUAO,13
267,Cagayan - TUGUEGARAO CITY (Capital),13
268,Isabela - ALICIA,14
269,Isabela - ANGADANAN,14
270,Isabela - AURORA,14
271,Isabela - BENITO SOLIVEN,14
272,Isabela - BURGOS,14
273,Isabela - CABAGAN,14
274,Isabela - CABATUAN,14
275,Isabela - CITY OF CAUAYAN,14
276,Isabela - CORDON,14
277,Isabela - DINAPIGUE,14
278,Isabela - DIVILACAN,14
279,Isabela - ECHAGUE,14
280,Isabela - GAMU,14
281,Isabela - ILAGAN (Capital),14
282,Isabela - JONES,14
283,Isabela - LUNA,14
284,Isabela - MACONACON,14
285,Isabela - DELFIN ALBANO (MAGSAYSAY),14
286,Isabela - MALLIG,14
287,Isabela - NAGUILIAN,14
288,Isabela - PALANAN,14
289,Isabela - QUEZON,14
290,Isabela - QUIRINO,14
291,Isabela - RAMON,14
292,Isabela - REINA MERCEDES,14
293,Isabela - ROXAS,14
294,Isabela - SAN AGUSTIN,14
295,Isabela - SAN GUILLERMO,14
296,Isabela - SAN ISIDRO,14
297,Isabela - SAN MANUEL,14
298,Isabela - SAN MARIANO,14
299,Isabela - SAN MATEO,14
300,Isabela - SAN PABLO,14
301,Isabela - SANTA MARIA,14
302,Isabela - CITY OF SANTIAGO,14
303,Isabela - SANTO TOMAS,14
304,Isabela - TUMAUINI,14
305,Nueva Vizcaya - AMBAGUIO,15
306,Nueva Vizcaya - ARITAO,15
307,Nueva Vizcaya - BAGABAG,15
308,Nueva Vizcaya - BAMBANG,15
309,Nueva Vizcaya - BAYOMBONG (Capital),15
310,Nueva Vizcaya - DIADI,15
311,Nueva Vizcaya - DUPAX DEL NORTE,15
312,Nueva Vizcaya - DUPAX DEL SUR,15
313,Nueva Vizcaya - KASIBU,15
314,Nueva Vizcaya - KAYAPA,15
315,Nueva Vizcaya - QUEZON,15
316,Nueva Vizcaya - SANTA FE,15
317,Nueva Vizcaya - SOLANO,15
318,Nueva Vizcaya - VILLAVERDE,15
319,Nueva Vizcaya - ALFONSO CASTANEDA,15
320,Quirino - AGLIPAY,16
321,Quirino - CABARROGUIS (Capital),16
322,Quirino - DIFFUN,16
323,Quirino - MADDELA,16
324,Quirino - SAGUDAY,16
325,Quirino - NAGTIPUNAN,16
326,Aurora - BALER (Capital),17
327,Aurora - CASIGURAN,17
328,Aurora - DILASAG,17
329,Aurora - DINALUNGAN,17
330,Aurora - DINGALAN,17
331,Aurora - DIPACULAO,17
332,Aurora - MARIA AURORA,17
333,Aurora - SAN LUIS,17
334,Bataan - ABUCAY,18
335,Bataan - BAGAC,18
336,Bataan - CITY OF BALANGA (Capital),18
337,Bataan - DINALUPIHAN,18
338,Bataan - HERMOSA,18
339,Bataan - LIMAY,18
340,Bataan - MARIVELES,18
341,Bataan - MORONG,18
342,Bataan - ORANI,18
343,Bataan - ORION,18
344,Bataan - PILAR,18
345,Bataan - SAMAL,18
346,Bulacan - ANGAT,19
347,Bulacan - BALAGTAS (BIGAA),19
348,Bulacan - BALIUAG,19
349,Bulacan - BOCAUE,19
350,Bulacan - BULACAN,19
351,Bulacan - BUSTOS,19
352,Bulacan - CALUMPIT,19
353,Bulacan - GUIGUINTO,19
354,Bulacan - HAGONOY,19
355,Bulacan - CITY OF MALOLOS (Capital),19
356,Bulacan - MARILAO,19
357,Bulacan - CITY OF MEYCAUAYAN,19
358,Bulacan - NORZAGARAY,19
359,Bulacan - OBANDO,19
360,Bulacan - PANDI,19
361,Bulacan - PAOMBONG,19
362,Bulacan - PLARIDEL,19
363,Bulacan - PULILAN,19
364,Bulacan - SAN ILDEFONSO,19
365,Bulacan - CITY OF SAN JOSE DEL MONTE,19
366,Bulacan - SAN MIGUEL,19
367,Bulacan - SAN RAFAEL,19
368,Bulacan - SANTA MARIA,19
369,Bulacan - DOÑA REMEDIOS TRINIDAD,19
370,Nueva Ecija - ALIAGA,20
371,Nueva Ecija - BONGABON,20
372,Nueva Ecija - CABANATUAN CITY,20
373,Nueva Ecija - CABIAO,20
374,Nueva Ecija - CARRANGLAN,20
375,Nueva Ecija - CUYAPO,20
376,Nueva Ecija - GABALDON (BITULOK & SABANI),20
377,Nueva Ecija - CITY OF GAPAN,20
378,Nueva Ecija - GENERAL MAMERTO NATIVIDAD,20
379,Nueva Ecija - GENERAL TINIO (PAPAYA),20
380,Nueva Ecija - GUIMBA,20
381,Nueva Ecija - JAEN,20
382,Nueva Ecija - LAUR,20
383,Nueva Ecija - LICAB,20
384,Nueva Ecija - LLANERA,20
385,Nueva Ecija - LUPAO,20
386,Nueva Ecija - SCIENCE CITY OF MUÑOZ,20
387,Nueva Ecija - NAMPICUAN,20
388,Nueva Ecija - PALAYAN CITY (Capital),20
389,Nueva Ecija - PANTABANGAN,20
390,Nueva Ecija - PEÑARANDA,20
391,Nueva Ecija - QUEZON,20
392,Nueva Ecija - RIZAL,20
393,Nueva Ecija - SAN ANTONIO,20
394,Nueva Ecija - SAN ISIDRO,20
395,Nueva Ecija - SAN JOSE CITY,20
396,Nueva Ecija - SAN LEONARDO,20
397,Nueva Ecija - SANTA ROSA,20
398,Nueva Ecija - SANTO DOMINGO,20
399,Nueva Ecija - TALAVERA,20
400,Nueva Ecija - TALUGTUG,20
401,Nueva Ecija - ZARAGOZA,20
402,Pampanga - ANGELES CITY,21
403,Pampanga - APALIT,21
404,Pampanga - ARAYAT,21
405,Pampanga - BACOLOR,21
406,Pampanga - CANDABA,21
407,Pampanga - FLORIDABLANCA,21
408,Pampanga - GUAGUA,21
409,Pampanga - LUBAO,21
410,Pampanga - MABALACAT,21
411,Pampanga - MACABEBE,21
412,Pampanga - MAGALANG,21
413,Pampanga - MASANTOL,21
414,Pampanga - MEXICO,21
415,Pampanga - MINALIN,21
416,Pampanga - PORAC,21
417,Pampanga - CITY OF SAN FERNANDO (Capital),21
418,Pampanga - SAN LUIS,21
419,Pampanga - SAN SIMON,21
420,Pampanga - SANTA ANA,21
421,Pampanga - SANTA RITA,21
422,Pampanga - SANTO TOMAS,21
423,Pampanga - SASMUAN (Sexmoan),21
424,Tarlac - ANAO,22
425,Tarlac - BAMBAN,22
426,Tarlac - CAMILING,22
427,Tarlac - CAPAS,22
428,Tarlac - CONCEPCION,22
429,Tarlac - GERONA,22
430,Tarlac - LA PAZ,22
431,Tarlac - MAYANTOC,22
432,Tarlac - MONCADA,22
433,Tarlac - PANIQUI,22
434,Tarlac - PURA,22
435,Tarlac - RAMOS,22
436,Tarlac - SAN CLEMENTE,22
437,Tarlac - SAN MANUEL,22
438,Tarlac - SANTA IGNACIA,22
439,Tarlac - CITY OF TARLAC (Capital),22
440,Tarlac - VICTORIA,22
441,Tarlac - SAN JOSE,22
442,Zambales - BOTOLAN,23
443,Zambales - CABANGAN,23
444,Zambales - CANDELARIA,23
445,Zambales - CASTILLEJOS,23
446,Zambales - IBA (Capital),23
447,Zambales - MASINLOC,23
448,Zambales - OLONGAPO CITY,23
449,Zambales - PALAUIG,23
450,Zambales - SAN ANTONIO,23
451,Zambales - SAN FELIPE,23
452,Zambales - SAN MARCELINO,23
453,Zambales - SAN NARCISO,23
454,Zambales - SANTA CRUZ,23
455,Zambales - SUBIC,23
456,Batangas - AGONCILLO,24
457,Batangas - ALITAGTAG,24
458,Batangas - BALAYAN,24
459,Batangas - BALETE,24
460,Batangas - BATANGAS CITY (Capital),24
461,Batangas - BAUAN,24
462,Batangas - CALACA,24
463,Batangas - CALATAGAN,24
464,Batangas - CUENCA,24
465,Batangas - IBAAN,24
466,Batangas - LAUREL,24
467,Batangas - LEMERY,24
468,Batangas - LIAN,24
469,Batangas - LIPA CITY,24
470,Batangas - LOBO,24
471,Batangas - MABINI,24
472,Batangas - MALVAR,24
473,Batangas - MATAASNAKAHOY,24
474,Batangas - NASUGBU,24
475,Batangas - PADRE GARCIA,24
476,Batangas - ROSARIO,24
477,Batangas - SAN JOSE,24
478,Batangas - SAN JUAN,24
479,Batangas - SAN LUIS,24
480,Batangas - SAN NICOLAS,24
481,Batangas - SAN PASCUAL,24
482,Batangas - SANTA TERESITA,24
483,Batangas - SANTO TOMAS,24
484,Batangas - TAAL,24
485,Batangas - TALISAY,24
486,Batangas - CITY OF TANAUAN,24
487,Batangas - TAYSAN,24
488,Batangas - TINGLOY,24
489,Batangas - TUY,24
490,Cavite - ALFONSO,25
491,Cavite - AMADEO,25
492,Cavite - BACOOR,25
493,Cavite - CARMONA,25
494,Cavite - CAVITE CITY,25
495,Cavite - CITY OF DASMARIÑAS,25
496,Cavite - GENERAL EMILIO AGUINALDO,25
497,Cavite - GENERAL TRIAS,25
498,Cavite - IMUS,25
499,Cavite - INDANG,25
500,Cavite - KAWIT,25
501,Cavite - MAGALLANES,25
502,Cavite - MARAGONDON,25
503,Cavite - MENDEZ (MENDEZ-NUÑEZ),25
504,Cavite - NAIC,25
505,Cavite - NOVELETA,25
506,Cavite - ROSARIO,25
507,Cavite - SILANG,25
508,Cavite - TAGAYTAY CITY,25
509,Cavite - TANZA,25
510,Laguna - ALAMINOS,26
511,Laguna - BAY,26
512,Laguna - CITY OF BIÑAN,26
513,Laguna - CABUYAO,26
514,Laguna - CITY OF CALAMBA,26
515,Laguna - CALAUAN,26
516,Laguna - CAVINTI,26
517,Laguna - FAMY,26
518,Laguna - KALAYAAN,26
519,Laguna - LILIW,26
520,Laguna - LOS BAÑOS,26
521,Laguna - LUISIANA,26
522,Laguna - LUMBAN,26
523,Laguna - MABITAC,26
524,Laguna - MAGDALENA,26
525,Laguna - MAJAYJAY,26
526,Laguna - NAGCARLAN,26
527,Laguna - PAETE,26
528,Laguna - PAGSANJAN,26
529,Laguna - PAKIL,26
530,Laguna - PANGIL,26
531,Laguna - PILA,26
532,Laguna - RIZAL,26
533,Laguna - SAN PABLO CITY,26
534,Laguna - SAN PEDRO,26
535,Laguna - SANTA CRUZ (Capital),26
536,Laguna - SANTA MARIA,26
537,Laguna - CITY OF SANTA ROSA,26
538,Laguna - SINILOAN,26
539,Laguna - VICTORIA,26
540,Quezon - AGDANGAN,27
541,Quezon - ALABAT,27
542,Quezon - ATIMONAN,27
543,Quezon - BUENAVISTA,27
544,Quezon - BURDEOS,27
545,Quezon - CALAUAG,27
546,Quezon - CANDELARIA,27
547,Quezon - CATANAUAN,27
548,Quezon - DOLORES,27
549,Quezon - GENERAL LUNA,27
550,Quezon - GENERAL NAKAR,27
551,Quezon - GUINAYANGAN,27
552,Quezon - GUMACA,27
553,Quezon - INFANTA,27
554,Quezon - JOMALIG,27
555,Quezon - LOPEZ,27
556,Quezon - LUCBAN,27
557,Quezon - LUCENA CITY (Capital),27
558,Quezon - MACALELON,27
559,Quezon - MAUBAN,27
560,Quezon - MULANAY,27
561,Quezon - PADRE BURGOS,27
562,Quezon - PAGBILAO,27
563,Quezon - PANUKULAN,27
564,Quezon - PATNANUNGAN,27
565,Quezon - PEREZ,27
566,Quezon - PITOGO,27
567,Quezon - PLARIDEL,27
568,Quezon - POLILLO,27
569,Quezon - QUEZON,27
570,Quezon - REAL,27
571,Quezon - SAMPALOC,27
572,Quezon - SAN ANDRES,27
573,Quezon - SAN ANTONIO,27
574,Quezon - SAN FRANCISCO (AURORA),27
575,Quezon - SAN NARCISO,27
576,Quezon - SARIAYA,27
577,Quezon - TAGKAWAYAN,27
578,Quezon - CITY OF TAYABAS,27
579,Quezon - TIAONG,27
580,Quezon - UNISAN,27
581,Rizal - ANGONO,28
582,Rizal - CITY OF ANTIPOLO,28
583,Rizal - BARAS,28
584,Rizal - BINANGONAN,28
585,Rizal - CAINTA,28
586,Rizal - CARDONA,28
587,Rizal - JALA-JALA,28
588,Rizal - RODRIGUEZ (MONTALBAN),28
589,Rizal - MORONG,28
590,Rizal - PILILLA,28
591,Rizal - SAN MATEO,28
592,Rizal - TANAY,28
593,Rizal - TAYTAY,28
594,Rizal - TERESA,28
595,Cavite - TERNATE,25
596,Cavite - TRECE MARTIRES CITY (Capital),25
597,Cavite - GEN. MARIANO ALVAREZ,25
598,Marinduque - BOAC (Capital),29
599,Marinduque - BUENAVISTA,29
600,Marinduque - GASAN,29
601,Marinduque - MOGPOG,29
602,Marinduque - SANTA CRUZ,29
603,Marinduque - TORRIJOS,29
604,OCCIDENTAL MINDORO - ABRA DE ILOG,30
605,OCCIDENTAL MINDORO - CALINTAAN,30
606,OCCIDENTAL MINDORO - LOOC,30
607,OCCIDENTAL MINDORO - LUBANG,30
608,OCCIDENTAL MINDORO - MAGSAYSAY,30
609,OCCIDENTAL MINDORO - MAMBURAO (Capital),30
610,OCCIDENTAL MINDORO - PALUAN,30
611,OCCIDENTAL MINDORO - RIZAL,30
612,OCCIDENTAL MINDORO - SABLAYAN,30
613,OCCIDENTAL MINDORO - SAN JOSE,30
614,OCCIDENTAL MINDORO - SANTA CRUZ,30
615,ORIENTAL MINDORO - BACO,31
616,ORIENTAL MINDORO - BANSUD,31
617,ORIENTAL MINDORO - BONGABONG,31
618,ORIENTAL MINDORO - BULALACAO (SAN PEDRO),31
619,ORIENTAL MINDORO - CITY OF CALAPAN (Capital),31
620,ORIENTAL MINDORO - GLORIA,31
621,ORIENTAL MINDORO - MANSALAY,31
622,ORIENTAL MINDORO - NAUJAN,31
623,ORIENTAL MINDORO - PINAMALAYAN,31
624,ORIENTAL MINDORO - POLA,31
625,ORIENTAL MINDORO - PUERTO GALERA,31
626,ORIENTAL MINDORO - ROXAS,31
627,ORIENTAL MINDORO - SAN TEODORO,31
628,ORIENTAL MINDORO - SOCORRO,31
629,ORIENTAL MINDORO - VICTORIA,31
630,PALAWAN - ABORLAN,32
631,PALAWAN - AGUTAYA,32
632,PALAWAN - ARACELI,32
633,PALAWAN - BALABAC,32
634,PALAWAN - BATARAZA,32
635,PALAWAN - BROOKE'S POINT,32
636,PALAWAN - BUSUANGA,32
637,PALAWAN - CAGAYANCILLO,32
638,PALAWAN - CORON,32
639,PALAWAN - CUYO,32
640,PALAWAN - DUMARAN,32
641,PALAWAN - EL NIDO (BACUIT),32
642,PALAWAN - LINAPACAN,32
643,PALAWAN - MAGSAYSAY,32
644,PALAWAN - NARRA,32
645,PALAWAN - PUERTO PRINCESA CITY (Capital),32
646,PALAWAN - QUEZON,32
647,PALAWAN - ROXAS,32
648,PALAWAN - SAN VICENTE,32
649,PALAWAN - TAYTAY,32
650,PALAWAN - KALAYAAN,32
651,PALAWAN - CULION,32
652,PALAWAN - RIZAL (MARCOS),32
653,PALAWAN - SOFRONIO ESPAÑOLA,32
654,ROMBLON - ALCANTARA,33
655,ROMBLON - BANTON,33
656,ROMBLON - CAJIDIOCAN,33
657,ROMBLON - CALATRAVA,33
658,ROMBLON - CONCEPCION,33
659,ROMBLON - CORCUERA,33
660,ROMBLON - LOOC,33
661,ROMBLON - MAGDIWANG,33
662,ROMBLON - ODIONGAN,33
663,ROMBLON - ROMBLON (Capital),33
664,ROMBLON - SAN AGUSTIN,33
665,ROMBLON - SAN ANDRES,33
666,ROMBLON - SAN FERNANDO,33
667,ROMBLON - SAN JOSE,33
668,ROMBLON - SANTA FE,33
669,ROMBLON - FERROL,33
670,ROMBLON - SANTA MARIA (IMELDA),33
671,ALBAY - BACACAY,34
672,ALBAY - CAMALIG,34
673,ALBAY - DARAGA (LOCSIN),34
674,ALBAY - GUINOBATAN,34
675,ALBAY - JOVELLAR,34
676,ALBAY - LEGAZPI CITY (Capital),34
677,ALBAY - LIBON,34
678,ALBAY - CITY OF LIGAO,34
679,ALBAY - MALILIPOT,34
680,ALBAY - MALINAO,34
681,ALBAY - MANITO,34
682,ALBAY - OAS,34
683,ALBAY - PIO DURAN,34
684,ALBAY - POLANGUI,34
685,ALBAY - RAPU-RAPU,34
686,ALBAY - SANTO DOMINGO (LIBOG),34
687,ALBAY - CITY OF TABACO,34
688,ALBAY - TIWI,34
689,CAMARINES NORTE - BASUD,35
690,CAMARINES NORTE - CAPALONGA,35
691,CAMARINES NORTE - DAET (Capital),35
692,CAMARINES NORTE - SAN LORENZO RUIZ (IMELDA),35
693,CAMARINES NORTE - JOSE PANGANIBAN,35
694,CAMARINES NORTE - LABO,35
695,CAMARINES NORTE - MERCEDES,35
696,CAMARINES NORTE - PARACALE,35
697,CAMARINES NORTE - SAN VICENTE,35
698,CAMARINES NORTE - SANTA ELENA,35
699,CAMARINES NORTE - TALISAY,35
700,CAMARINES NORTE - VINZONS,35
701,CAMARINES SUR - BAAO,36
702,CAMARINES SUR - BALATAN,36
703,CAMARINES SUR - BATO,36
704,CAMARINES SUR - BOMBON,36
705,CAMARINES SUR - BUHI,36
706,CAMARINES SUR - BULA,36
707,CAMARINES SUR - CABUSAO,36
708,CAMARINES SUR - CALABANGA,36
709,CAMARINES SUR - CAMALIGAN,36
710,CAMARINES SUR - CANAMAN,36
711,CAMARINES SUR - CARAMOAN,36
712,CAMARINES SUR - DEL GALLEGO,36
713,CAMARINES SUR - GAINZA,36
714,CAMARINES SUR - GARCHITORENA,36
715,CAMARINES SUR - GOA,36
716,CAMARINES SUR - IRIGA CITY,36
717,CAMARINES SUR - LAGONOY,36
718,CAMARINES SUR - LIBMANAN,36
719,CAMARINES SUR - LUPI,36
720,CAMARINES SUR - MAGARAO,36
721,CAMARINES SUR - MILAOR,36
722,CAMARINES SUR - MINALABAC,36
723,CAMARINES SUR - NABUA,36
724,CAMARINES SUR - NAGA CITY,36
725,CAMARINES SUR - OCAMPO,36
726,CAMARINES SUR - PAMPLONA,36
727,CAMARINES SUR - PASACAO,36
728,CAMARINES SUR - PILI (Capital),36
729,CAMARINES SUR - PRESENTACION (PARUBCAN),36
730,CAMARINES SUR - RAGAY,36
731,CAMARINES SUR - SAGÑAY,36
732,CAMARINES SUR - SAN FERNANDO,36
733,CAMARINES SUR - SAN JOSE,36
734,CAMARINES SUR - SIPOCOT,36
735,CAMARINES SUR - SIRUMA,36
736,CAMARINES SUR - TIGAON,36
737,CAMARINES SUR - TINAMBAC,36
738,Catanduanes - BAGAMANOC,37
739,Catanduanes - BARAS,37
740,Catanduanes - BATO,37
741,Catanduanes - CARAMORAN,37
742,Catanduanes - GIGMOTO,37
743,Catanduanes - PANDAN,37
744,Catanduanes - PANGANIBAN (PAYO),37
745,Catanduanes - SAN ANDRES (CALOLBON),37
746,Catanduanes - SAN MIGUEL,37
747,Catanduanes - VIGA,37
748,Catanduanes - VIRAC (Capital),37
749,Masbate - AROROY,38
750,Masbate - BALENO,38
751,Masbate - BALUD,38
752,Masbate - BATUAN,38
753,Masbate - CATAINGAN,38
754,Masbate - CAWAYAN,38
755,Masbate - CLAVERIA,38
756,Masbate - DIMASALANG,38
757,Masbate - ESPERANZA,38
758,Masbate - MANDAON,38
759,Masbate - CITY OF MASBATE (Capital),38
760,Masbate - MILAGROS,38
761,Masbate - MOBO,38
762,Masbate - MONREAL,38
763,Masbate - PALANAS,38
764,Masbate - PIO V. CORPUZ (LIMBUHAN),38
765,Masbate - PLACER,38
766,Masbate - SAN FERNANDO,38
767,Masbate - SAN JACINTO,38
768,Masbate - SAN PASCUAL,38
769,Masbate - USON,38
770,Sorsogon - BARCELONA,39
771,Sorsogon - BULAN,39
772,Sorsogon - BULUSAN,39
773,Sorsogon - CASIGURAN,39
774,Sorsogon - CASTILLA,39
775,Sorsogon - DONSOL,39
776,Sorsogon - GUBAT,39
777,Sorsogon - IROSIN,39
778,Sorsogon - JUBAN,39
779,Sorsogon - MAGALLANES,39
780,Sorsogon - MATNOG,39
781,Sorsogon - PILAR,39
782,Sorsogon - PRIETO DIAZ,39
783,Sorsogon - SANTA MAGDALENA,39
784,Sorsogon - CITY OF SORSOGON (Capital),39
785,Aklan - ALTAVAS,40
786,Aklan - BALETE,40
787,Aklan - BANGA,40
788,Aklan - BATAN,40
789,Aklan - BURUANGA,40
790,Aklan - IBAJAY,40
791,Aklan - KALIBO (Capital),40
792,Aklan - LEZO,40
793,Aklan - LIBACAO,40
794,Aklan - MADALAG,40
795,Aklan - MAKATO,40
796,Aklan - MALAY,40
797,Aklan - MALINAO,40
798,Aklan - NABAS,40
799,Aklan - NEW WASHINGTON,40
800,Aklan - NUMANCIA,40
801,Aklan - TANGALAN,40
802,Antique - ANINI-Y,41
803,Antique - BARBAZA,41
804,Antique - BELISON,41
805,Antique - BUGASONG,41
806,Antique - CALUYA,41
807,Antique - CULASI,41
808,Antique - TOBIAS FORNIER (DAO),41
809,Antique - HAMTIC,41
810,Antique - LAUA-AN,41
811,Antique - LIBERTAD,41
812,Antique - PANDAN,41
813,Antique - PATNONGON,41
814,Antique - SAN JOSE (Capital),41
815,Antique - SAN REMIGIO,41
816,Antique - SEBASTE,41
817,Antique - SIBALOM,41
818,Antique - TIBIAO,41
819,Antique - VALDERRAMA,41
820,Capiz - CUARTERO,42
821,Capiz - DAO,42
822,Capiz - DUMALAG,42
823,Capiz - DUMARAO,42
824,Capiz - IVISAN,42
825,Capiz - JAMINDAN,42
826,Capiz - MA-AYON,42
827,Capiz - MAMBUSAO,42
828,Capiz - PANAY,42
829,Capiz - PANITAN,42
830,Capiz - PILAR,42
831,Capiz - PONTEVEDRA,42
832,Capiz - PRESIDENT ROXAS,42
833,Capiz - ROXAS CITY (Capital),42
834,Capiz - SAPI-AN,42
835,Capiz - SIGMA,42
836,Capiz - TAPAZ,42
837,Guimaras - BUENAVISTA,43
838,Guimaras - JORDAN (Capital),43
839,Guimaras - NUEVA VALENCIA,43
840,Guimaras - SAN LORENZO,43
841,Guimaras - SIBUNAG,43
842,Iloilo - AJUY,44
843,Iloilo - ALIMODIAN,44
844,Iloilo - ANILAO,44
845,Iloilo - BADIANGAN,44
846,Iloilo - BALASAN,44
847,Iloilo - BANATE,44
848,Iloilo - BAROTAC NUEVO,44
849,Iloilo - BAROTAC VIEJO,44
850,Iloilo - BATAD,44
851,Iloilo - BINGAWAN,44
852,Iloilo - CABATUAN,44
853,Iloilo - CALINOG,44
854,Iloilo - CARLES,44
855,Iloilo - CONCEPCION,44
856,Iloilo - DINGLE,44
857,Iloilo - DUEÑAS,44
858,Iloilo - DUMANGAS,44
859,Iloilo - ESTANCIA,44
860,Iloilo - GUIMBAL,44
861,Iloilo - IGBARAS,44
862,Iloilo - ILOILO CITY (Capital),44
863,Iloilo - JANIUAY,44
864,Iloilo - LAMBUNAO,44
865,Iloilo - LEGANES,44
866,Iloilo - LEMERY,44
867,Iloilo - LEON,44
868,Iloilo - MAASIN,44
869,Iloilo - MIAGAO,44
870,Iloilo - MINA,44
871,Iloilo - NEW LUCENA,44
872,Iloilo - OTON,44
873,Iloilo - CITY OF PASSI,44
874,Iloilo - PAVIA,44
875,Iloilo - POTOTAN,44
876,Iloilo - SAN DIONISIO,44
877,Iloilo - SAN ENRIQUE,44
878,Iloilo - SAN JOAQUIN,44
879,Iloilo - SAN MIGUEL,44
880,Iloilo - SAN RAFAEL,44
881,Iloilo - SANTA BARBARA,44
882,Iloilo - SARA,44
883,Iloilo - TIGBAUAN,44
884,Iloilo - TUBUNGAN,44
885,Iloilo - ZARRAGA,44
886,Negros Occidental - BACOLOD CITY (Capital),45
887,Negros Occidental - BAGO CITY,45
888,Negros Occidental - BINALBAGAN,45
889,Negros Occidental - CADIZ CITY,45
890,Negros Occidental - CALATRAVA,45
891,Negros Occidental - CANDONI,45
892,Negros Occidental - CAUAYAN,45
893,Negros Occidental - ENRIQUE B. MAGALONA (SARAVIA),45
894,Negros Occidental - CITY OF ESCALANTE,45
895,Negros Occidental - CITY OF HIMAMAYLAN,45
896,Negros Occidental - HINIGARAN,45
897,Negros Occidental - HINOBA-AN (ASIA),45
898,Negros Occidental - ILOG,45
899,Negros Occidental - ISABELA,45
900,Negros Occidental - CITY OF KABANKALAN,45
901,Negros Occidental - LA CARLOTA CITY,45
902,Negros Occidental - LA CASTELLANA,45
903,Negros Occidental - MANAPLA,45
904,Negros Occidental - MOISES PADILLA (MAGALLON),45
905,Negros Occidental - MURCIA,45
906,Negros Occidental - PONTEVEDRA,45
907,Negros Occidental - PULUPANDAN,45
908,Negros Occidental - SAGAY CITY,45
909,Negros Occidental - SAN CARLOS CITY,45
910,Negros Occidental - SAN ENRIQUE,45
911,Negros Occidental - SILAY CITY,45
912,Negros Occidental - CITY OF SIPALAY,45
913,Negros Occidental - CITY OF TALISAY,45
914,Negros Occidental - TOBOSO,45
915,Negros Occidental - VALLADOLID,45
916,Negros Occidental - CITY OF VICTORIAS,45
917,Negros Occidental - SALVADOR BENEDICTO,45
918,Bohol - ALBURQUERQUE,46
919,Bohol - ALICIA,46
920,Bohol - ANDA,46
921,Bohol - ANTEQUERA,46
922,Bohol - BACLAYON,46
923,Bohol - BALILIHAN,46
924,Bohol - BATUAN,46
925,Bohol - BILAR,46
926,Bohol - BUENAVISTA,46
927,Bohol - CALAPE,46
928,Bohol - CANDIJAY,46
929,Bohol - CARMEN,46
930,Bohol - CATIGBIAN,46
931,Bohol - CLARIN,46
932,Bohol - CORELLA,46
933,Bohol - CORTES,46
934,Bohol - DAGOHOY,46
935,Bohol - DANAO,46
936,Bohol - DAUIS,46
937,Bohol - DIMIAO,46
938,Bohol - DUERO,46
939,Bohol - GARCIA HERNANDEZ,46
940,Bohol - GUINDULMAN,46
941,Bohol - INABANGA,46
942,Bohol - JAGNA,46
943,Bohol - JETAFE,46
944,Bohol - LILA,46
945,Bohol - LOAY,46
946,Bohol - LOBOC,46
947,Bohol - LOON,46
948,Bohol - MABINI,46
949,Bohol - MARIBOJOC,46
950,Bohol - PANGLAO,46
951,Bohol - PILAR,46
952,Bohol - PRES. CARLOS P. GARCIA (PITOGO),46
953,Bohol - SAGBAYAN (BORJA),46
954,Bohol - SAN ISIDRO,46
955,Bohol - SAN MIGUEL,46
956,Bohol - SEVILLA,46
957,Bohol - SIERRA BULLONES,46
958,Bohol - SIKATUNA,46
959,Bohol - TAGBILARAN CITY (Capital),46
960,Bohol - TALIBON,46
961,Bohol - TRINIDAD,46
962,Bohol - TUBIGON,46
963,Bohol - UBAY,46
964,Bohol - VALENCIA,46
965,Bohol - BIEN UNIDO,46
966,Cebu - ALCANTARA,47
967,Cebu - ALCOY,47
968,Cebu - ALEGRIA,47
969,Cebu - ALOGUINSAN,47
970,Cebu - ARGAO,47
971,Cebu - ASTURIAS,47
972,Cebu - BADIAN,47
973,Cebu - BALAMBAN,47
974,Cebu - BANTAYAN,47
975,Cebu - BARILI,47
976,Cebu - CITY OF BOGO,47
977,Cebu - BOLJOON,47
978,Cebu - BORBON,47
979,Cebu - CITY OF CARCAR,47
980,Cebu - CARMEN,47
981,Cebu - CATMON,47
982,Cebu - CEBU CITY (Capital),47
983,Cebu - COMPOSTELA,47
984,Cebu - CONSOLACION,47
985,Cebu - CORDOBA,47
986,Cebu - DAANBANTAYAN,47
987,Cebu - DALAGUETE,47
988,Cebu - DANAO CITY,47
989,Cebu - DUMANJUG,47
990,Cebu - GINATILAN,47
991,Cebu - LAPU-LAPU CITY (OPON),47
992,Cebu - LILOAN,47
993,Cebu - MADRIDEJOS,47
994,Cebu - MALABUYOC,47
995,Cebu - MANDAUE CITY,47
996,Cebu - MEDELLIN,47
997,Cebu - MINGLANILLA,47
998,Cebu - MOALBOAL,47
999,Cebu - CITY OF NAGA,47
1000,Cebu - OSLOB,47
1001,Cebu - PILAR,47
1002,Cebu - PINAMUNGAHAN,47
1003,Cebu - PORO,47
1004,Cebu - RONDA,47
1005,Cebu - SAMBOAN,47
1006,Cebu - SAN FERNANDO,47
1007,Cebu - SAN FRANCISCO,47
1008,Cebu - SAN REMIGIO,47
1009,Cebu - SANTA FE,47
1010,Cebu - SANTANDER,47
1011,Cebu - SIBONGA,47
1012,Cebu - SOGOD,47
1013,Cebu - TABOGON,47
1014,Cebu - TABUELAN,47
1015,Cebu - CITY OF TALISAY,47
1016,Cebu - TOLEDO CITY,47
1017,Cebu - TUBURAN,47
1018,Cebu - TUDELA,47
1019,Negros Oriental - AMLAN (AYUQUITAN),48
1020,Negros Oriental - AYUNGON,48
1021,Negros Oriental - BACONG,48
1022,Negros Oriental - BAIS CITY,48
1023,Negros Oriental - BASAY,48
1024,Negros Oriental - CITY OF BAYAWAN (TULONG),48
1025,Negros Oriental - BINDOY (PAYABON),48
1026,Negros Oriental - CANLAON CITY,48
1027,Negros Oriental - DAUIN,48
1028,Negros Oriental - DUMAGUETE CITY (Capital),48
1029,Negros Oriental - CITY OF GUIHULNGAN,48
1030,Negros Oriental - JIMALALUD,48
1031,Negros Oriental - LA LIBERTAD,48
1032,Negros Oriental - MABINAY,48
1033,Negros Oriental - MANJUYOD,48
1034,Negros Oriental - PAMPLONA,48
1035,Negros Oriental - SAN JOSE,48
1036,Negros Oriental - SANTA CATALINA,48
1037,Negros Oriental - SIATON,48
1038,Negros Oriental - SIBULAN,48
1039,Negros Oriental - CITY OF TANJAY,48
1040,Negros Oriental - TAYASAN,48
1041,Negros Oriental - VALENCIA (LUZURRIAGA),48
1042,Negros Oriental - VALLEHERMOSO,48
1043,Negros Oriental - ZAMBOANGUITA,48
1044,SIQUIJOR - ENRIQUE VILLANUEVA,49
1045,SIQUIJOR - LARENA,49
1046,SIQUIJOR - LAZI,49
1047,SIQUIJOR - MARIA,49
1048,SIQUIJOR - SAN JUAN,49
1049,SIQUIJOR - SIQUIJOR (Capital),49
1050,BILIRAN - ALMERIA,50
1051,BILIRAN - BILIRAN,50
1052,BILIRAN - CABUCGAYAN,50
1053,BILIRAN - CAIBIRAN,50
1054,BILIRAN - CULABA,50
1055,BILIRAN - KAWAYAN,50
1056,BILIRAN - MARIPIPI,50
1057,BILIRAN - NAVAL (Capital),50
1058,Eastern Samar - ARTECHE,51
1059,Eastern Samar - BALANGIGA,51
1060,Eastern Samar - BALANGKAYAN,51
1061,Eastern Samar - CITY OF BORONGAN (Capital),51
1062,Eastern Samar - CAN-AVID,51
1063,Eastern Samar - DOLORES,51
1064,Eastern Samar - GENERAL MACARTHUR,51
1065,Eastern Samar - GIPORLOS,51
1066,Eastern Samar - GUIUAN,51
1067,Eastern Samar - HERNANI,51
1068,Eastern Samar - JIPAPAD,51
1069,Eastern Samar - LAWAAN,51
1070,Eastern Samar - LLORENTE,51
1071,Eastern Samar - MASLOG,51
1072,Eastern Samar - MAYDOLONG,51
1073,Eastern Samar - MERCEDES,51
1074,Eastern Samar - ORAS,51
1075,Eastern Samar - QUINAPONDAN,51
1076,Eastern Samar - SALCEDO,51
1077,Eastern Samar - SAN JULIAN,51
1078,Eastern Samar - SAN POLICARPO,51
1079,Eastern Samar - SULAT,51
1080,Eastern Samar - TAFT,51
1081,Leyte - ABUYOG,52
1082,Leyte - ALANGALANG,52
1083,Leyte - ALBUERA,52
1084,Leyte - BABATNGON,52
1085,Leyte - BARUGO,52
1086,Leyte - BATO,52
1087,Leyte - CITY OF BAYBAY,52
1088,Leyte - BURAUEN,52
1089,Leyte - CALUBIAN,52
1090,Leyte - CAPOOCAN,52
1091,Leyte - CARIGARA,52
1092,Leyte - DAGAMI,52
1093,Leyte - DULAG,52
1094,Leyte - HILONGOS,52
1095,Leyte - HINDANG,52
1096,Leyte - INOPACAN,52
1097,Leyte - ISABEL,52
1098,Leyte - JARO,52
1099,Leyte - JAVIER (BUGHO),52
1100,Leyte - JULITA,52
1101,Leyte - KANANGA,52
1102,Leyte - LA PAZ,52
1103,Leyte - LEYTE,52
1104,Leyte - MACARTHUR,52
1105,Leyte - MAHAPLAG,52
1106,Leyte - MATAG-OB,52
1107,Leyte - MATALOM,52
1108,Leyte - MAYORGA,52
1109,Leyte - MERIDA,52
1110,Leyte - ORMOC CITY,52
1111,Leyte - PALO,52
1112,Leyte - PALOMPON,52
1113,Leyte - PASTRANA,52
1114,Leyte - SAN ISIDRO,52
1115,Leyte - SAN MIGUEL,52
1116,Leyte - SANTA FE,52
1117,Leyte - TABANGO,52
1118,Leyte - TABONTABON,52
1119,Leyte - TACLOBAN CITY (Capital),52
1120,Leyte - TANAUAN,52
1121,Leyte - TOLOSA,52
1122,Leyte - TUNGA,52
1123,Leyte - VILLABA,52
1124,Northern Samar - ALLEN,53
1125,Northern Samar - BIRI,53
1126,Northern Samar - BOBON,53
1127,Northern Samar - CAPUL,53
1128,Northern Samar - CATARMAN (Capital),53
1129,Northern Samar - CATUBIG,53
1130,Northern Samar - GAMAY,53
1131,Northern Samar - LAOANG,53
1132,Northern Samar - LAPINIG,53
1133,Northern Samar - LAS NAVAS,53
1134,Northern Samar - LAVEZARES,53
1135,Northern Samar - MAPANAS,53
1136,Northern Samar - MONDRAGON,53
1137,Northern Samar - PALAPAG,53
1138,Northern Samar - PAMBUJAN,53
1139,Northern Samar - ROSARIO,53
1140,Northern Samar - SAN ANTONIO,53
1141,Northern Samar - SAN ISIDRO,53
1142,Northern Samar - SAN JOSE,53
1143,Northern Samar - SAN ROQUE,53
1144,Northern Samar - SAN VICENTE,53
1145,Northern Samar - SILVINO LOBOS,53
1146,Northern Samar - VICTORIA,53
1147,Northern Samar - LOPE DE VEGA,53
1148,Samar(Western Samar) - ALMAGRO,54
1149,Samar(Western Samar) - BASEY,54
1150,Samar(Western Samar) - CALBAYOG CITY,54
1151,Samar(Western Samar) - CALBIGA,54
1152,Samar(Western Samar) - CITY OF CATBALOGAN (Capital,54
1153,Samar(Western Samar) - DARAM,54
1154,Samar(Western Samar) - GANDARA,54
1155,Samar(Western Samar) - HINABANGAN,54
1156,Samar(Western Samar) - JIABONG,54
1157,Samar(Western Samar) - MARABUT,54
1158,Samar(Western Samar) - MATUGUINAO,54
1159,Samar(Western Samar) - MOTIONG,54
1160,Samar(Western Samar) - PINABACDAO,54
1161,Samar(Western Samar) - SAN JOSE DE BUAN,54
1162,Samar(Western Samar) - SAN SEBASTIAN,54
1163,Samar(Western Samar) - SANTA MARGARITA,54
1164,Samar(Western Samar) - SANTA RITA,54
1165,Samar(Western Samar) - SANTO NIÑO,54
1166,Samar(Western Samar) - TALALORA,54
1167,Samar(Western Samar) - TARANGNAN,54
1168,Samar(Western Samar) - VILLAREAL,54
1169,Samar(Western Samar) - PARANAS (WRIGHT),54
1170,Samar(Western Samar) - ZUMARRAGA,54
1171,Samar(Western Samar) - TAGAPUL-AN,54
1172,Samar(Western Samar) - SAN JORGE,54
1173,Samar(Western Samar) - PAGSANGHAN,54
1174,Southern Leyte - ANAHAWAN,55
1175,Southern Leyte - BONTOC,55
1176,Southern Leyte - HINUNANGAN,55
1177,Southern Leyte - HINUNDAYAN,55
1178,Southern Leyte - LIBAGON,55
1179,Southern Leyte - LILOAN,55
1180,Southern Leyte - CITY OF MAASIN (Capital),55
1181,Southern Leyte - MACROHON,55
1182,Southern Leyte - MALITBOG,55
1183,Southern Leyte - PADRE BURGOS,55
1184,Southern Leyte - PINTUYAN,55
1185,Southern Leyte - SAINT BERNARD,55
1186,Southern Leyte - SAN FRANCISCO,55
1187,Southern Leyte - SAN JUAN (CABALIAN),55
1188,Southern Leyte - SAN RICARDO,55
1189,Southern Leyte - SILAGO,55
1190,Southern Leyte - SOGOD,55
1191,Southern Leyte - TOMAS OPPUS,55
1192,Southern Leyte - LIMASAWA,55
1193,CITY OF ISABELA (Capital),56
1194,Zamboanga Del Norte - DAPITAN CITY,57
1195,Zamboanga Del Norte - DIPOLOG CITY (Capital),57
1196,Zamboanga Del Norte - KATIPUNAN,57
1197,Zamboanga Del Norte - LA LIBERTAD,57
1198,Zamboanga Del Norte - LABASON,57
1199,Zamboanga Del Norte - LILOY,57
1200,Zamboanga Del Norte - MANUKAN,57
1201,Zamboanga Del Norte - MUTIA,57
1202,Zamboanga Del Norte - PIÑAN (NEW PIÑAN),57
1203,Zamboanga Del Norte - POLANCO,57
1204,Zamboanga Del Norte - PRES. MANUEL A. ROXAS,57
1205,Zamboanga Del Norte - RIZAL,57
1206,Zamboanga Del Norte - SALUG,57
1207,Zamboanga Del Norte - SERGIO OSMEÑA SR.,57
1208,Zamboanga Del Norte - SIAYAN,57
1209,Zamboanga Del Norte - SIBUCO,57
1210,Zamboanga Del Norte - SIBUTAD,57
1211,Zamboanga Del Norte - SINDANGAN,57
1212,Zamboanga Del Norte - SIOCON,57
1213,Zamboanga Del Norte - SIRAWAI,57
1214,Zamboanga Del Norte - TAMPILISAN,57
1215,Zamboanga Del Norte - JOSE DALMAN (PONOT),57
1216,Zamboanga Del Norte - GUTALAC,57
1217,Zamboanga Del Norte - BALIGUIAN,57
1218,Zamboanga Del Norte - GODOD,57
1219,Zamboanga Del Norte - BACUNGAN (Leon T. Postigo),57
1220,Zamboanga Del Norte - KALAWIT,57
1221,Zamboanga Del Sur - AURORA,58
1222,Zamboanga Del Sur - BAYOG,58
1223,Zamboanga Del Sur - DIMATALING,58
1224,Zamboanga Del Sur - DINAS,58
1225,Zamboanga Del Sur - DUMALINAO,58
1226,Zamboanga Del Sur - DUMINGAG,58
1227,Zamboanga Del Sur - KUMALARANG,58
1228,Zamboanga Del Sur - LABANGAN,58
1229,Zamboanga Del Sur - LAPUYAN,58
1230,Zamboanga Del Sur - MAHAYAG,58
1231,Zamboanga Del Sur - MARGOSATUBIG,58
1232,Zamboanga Del Sur - MIDSALIP,58
1233,Zamboanga Del Sur - MOLAVE,58
1234,Zamboanga Del Sur - PAGADIAN CITY (Capital),58
1235,Zamboanga Del Sur - RAMON MAGSAYSAY (LIARGO),58
1236,Zamboanga Del Sur - SAN MIGUEL,58
1237,Zamboanga Del Sur - SAN PABLO,58
1238,Zamboanga Del Sur - TABINA,58
1239,Zamboanga Del Sur - TAMBULIG,58
1240,Zamboanga Del Sur - TUKURAN,58
1241,Zamboanga Del Sur - ZAMBOANGA CITY,58
1242,Zamboanga Del Sur - LAKEWOOD,58
1243,Zamboanga Del Sur - JOSEFINA,58
1244,Zamboanga Del Sur - PITOGO,58
1245,Zamboanga Del Sur - SOMINOT (DON MARIANO MARCOS),58
1246,Zamboanga Del Sur - VINCENZO A. SAGUN,58
1247,Zamboanga Del Sur - GUIPOS,58
1248,Zamboanga Del Sur - TIGBAO,58
1249,Zamboanga Sibugay - ALICIA,59
1250,Zamboanga Sibugay - BUUG,59
1251,Zamboanga Sibugay - DIPLAHAN,59
1252,Zamboanga Sibugay - IMELDA,59
1253,Zamboanga Sibugay - IPIL (Capital),59
1254,Zamboanga Sibugay - KABASALAN,59
1255,Zamboanga Sibugay - MABUHAY,59
1256,Zamboanga Sibugay - MALANGAS,59
1257,Zamboanga Sibugay - NAGA,59
1258,Zamboanga Sibugay - OLUTANGA,59
1259,Zamboanga Sibugay - PAYAO,59
1260,Zamboanga Sibugay - ROSELLER LIM,59
1261,Zamboanga Sibugay - SIAY,59
1262,Zamboanga Sibugay - TALUSAN,59
1263,Zamboanga Sibugay - TITAY,59
1264,Zamboanga Sibugay - TUNGAWAN,59
1265,Bukidnon - BAUNGON,60
1266,Bukidnon - DAMULOG,60
1267,Bukidnon - DANGCAGAN,60
1268,Bukidnon - DON CARLOS,60
1269,Bukidnon - IMPASUG-ONG,60
1270,Bukidnon - KADINGILAN,60
1271,Bukidnon - KALILANGAN,60
1272,Bukidnon - KIBAWE,60
1273,Bukidnon - KITAOTAO,60
1274,Bukidnon - LANTAPAN,60
1275,Bukidnon - LIBONA,60
1276,Bukidnon - CITY OF MALAYBALAY (Capital),60
1277,Bukidnon - MALITBOG,60
1278,Bukidnon - MANOLO FORTICH,60
1279,Bukidnon - MARAMAG,60
1280,Bukidnon - PANGANTUCAN,60
1281,Bukidnon - QUEZON,60
1282,Bukidnon - SAN FERNANDO,60
1283,Bukidnon - SUMILAO,60
1284,Bukidnon - TALAKAG,60
1285,Bukidnon - CITY OF VALENCIA,60
1286,Bukidnon - CABANGLASAN,60
1287,Camiguin - CATARMAN,61
1288,Camiguin - GUINSILIBAN,61
1289,Camiguin - MAHINOG,61
1290,Camiguin - MAMBAJAO (Capital),61
1291,Camiguin - SAGAY,61
1292,Lanao Del Norte - BACOLOD,62
1293,Lanao Del Norte - BALOI,62
1294,Lanao Del Norte - BAROY,62
1295,Lanao Del Norte - ILIGAN CITY,62
1296,Lanao Del Norte - KAPATAGAN,62
1297,Lanao Del Norte - SULTAN NAGA DIMAPORO (KAROMATAN),62
1298,Lanao Del Norte - KAUSWAGAN,62
1299,Lanao Del Norte - KOLAMBUGAN,62
1300,Lanao Del Norte - LALA,62
1301,Lanao Del Norte - LINAMON,62
1302,Lanao Del Norte - MAGSAYSAY,62
1303,Lanao Del Norte - MAIGO,62
1304,Lanao Del Norte - MATUNGAO,62
1305,Lanao Del Norte - MUNAI,62
1306,Lanao Del Norte - NUNUNGAN,62
1307,Lanao Del Norte - PANTAO RAGAT,62
1308,Lanao Del Norte - POONA PIAGAPO,62
1309,Lanao Del Norte - SALVADOR,62
1310,Lanao Del Norte - SAPAD,62
1311,Lanao Del Norte - TAGOLOAN,62
1312,Lanao Del Norte - TANGCAL,62
1313,Lanao Del Norte - TUBOD (Capital),62
1314,Lanao Del Norte - PANTAR,62
1315,MISAMIS OCCIDENTAL - ALORAN,63
1316,MISAMIS OCCIDENTAL - BALIANGAO,63
1317,MISAMIS OCCIDENTAL - BONIFACIO,63
1318,MISAMIS OCCIDENTAL - CALAMBA,63
1319,MISAMIS OCCIDENTAL - CLARIN,63
1320,MISAMIS OCCIDENTAL - CONCEPCION,63
1321,MISAMIS OCCIDENTAL - JIMENEZ,63
1322,MISAMIS OCCIDENTAL - LOPEZ JAENA,63
1323,MISAMIS OCCIDENTAL - OROQUIETA CITY (Capital),63
1324,MISAMIS OCCIDENTAL - OZAMIS CITY,63
1325,MISAMIS OCCIDENTAL - PANAON,63
1326,MISAMIS OCCIDENTAL - PLARIDEL,63
1327,MISAMIS OCCIDENTAL - SAPANG DALAGA,63
1328,MISAMIS OCCIDENTAL - SINACABAN,63
1329,MISAMIS OCCIDENTAL - TANGUB CITY,63
1330,MISAMIS OCCIDENTAL - TUDELA,63
1331,MISAMIS OCCIDENTAL - DON VICTORIANO CHIONGBIAN (DO,63
1332,MISAMIS ORIENTAL - ALUBIJID,64
1333,MISAMIS ORIENTAL - BALINGASAG,64
1334,MISAMIS ORIENTAL - BALINGOAN,64
1335,MISAMIS ORIENTAL - BINUANGAN,64
1336,MISAMIS ORIENTAL - CAGAYAN DE ORO CITY (Capital),64
1337,MISAMIS ORIENTAL - CLAVERIA,64
1338,MISAMIS ORIENTAL - CITY OF EL SALVADOR,64
1339,MISAMIS ORIENTAL - GINGOOG CITY,64
1340,MISAMIS ORIENTAL - GITAGUM,64
1341,MISAMIS ORIENTAL - INITAO,64
1342,MISAMIS ORIENTAL - JASAAN,64
1343,MISAMIS ORIENTAL - KINOGUITAN,64
1344,MISAMIS ORIENTAL - LAGONGLONG,64
1345,MISAMIS ORIENTAL - LAGUINDINGAN,64
1346,MISAMIS ORIENTAL - LIBERTAD,64
1347,MISAMIS ORIENTAL - LUGAIT,64
1348,MISAMIS ORIENTAL - MAGSAYSAY (LINUGOS),64
1349,MISAMIS ORIENTAL - MANTICAO,64
1350,MISAMIS ORIENTAL - MEDINA,64
1351,MISAMIS ORIENTAL - NAAWAN,64
1352,MISAMIS ORIENTAL - OPOL,64
1353,MISAMIS ORIENTAL - SALAY,64
1354,MISAMIS ORIENTAL - SUGBONGCOGON,64
1355,MISAMIS ORIENTAL - TAGOLOAN,64
1356,MISAMIS ORIENTAL - TALISAYAN,64
1357,MISAMIS ORIENTAL - VILLANUEVA,64
1358,Compostela Valley - COMPOSTELA,65
1359,Compostela Valley - LAAK (SAN VICENTE),65
1360,Compostela Valley - MABINI (DOÑA ALICIA),65
1361,Compostela Valley - MACO,65
1362,Compostela Valley - MARAGUSAN (SAN MARIANO),65
1363,Compostela Valley - MAWAB,65
1364,Compostela Valley - MONKAYO,65
1365,Compostela Valley - MONTEVISTA,65
1366,Compostela Valley - NABUNTURAN (Capital),65
1367,Compostela Valley - NEW BATAAN,65
1368,Compostela Valley - PANTUKAN,65
1369,Davao Del Norte - ASUNCION (SAUG),66
1370,Davao Del Norte - CARMEN,66
1371,Davao Del Norte - KAPALONG,66
1372,Davao Del Norte - NEW CORELLA,66
1373,Davao Del Norte - CITY OF PANABO,66
1374,Davao Del Norte - ISLAND GARDEN CITY OF SAMAL,66
1375,Davao Del Norte - SANTO TOMAS,66
1376,Davao Del Norte - CITY OF TAGUM (Capital),66
1377,Davao Del Norte - TALAINGOD,66
1378,Davao Del Norte - BRAULIO E. DUJALI,66
1379,Davao Del Norte - SAN ISIDRO,66
1380,Davao Del Sur - BANSALAN,67
1381,Davao Del Sur - DAVAO CITY,67
1382,Davao Del Sur - CITY OF DIGOS (Capital),67
1383,Davao Del Sur - HAGONOY,67
1384,Davao Del Sur - JOSE ABAD SANTOS (TRINIDAD),67
1385,Davao Del Sur - KIBLAWAN,67
1386,Davao Del Sur - MAGSAYSAY,67
1387,Davao Del Sur - MALALAG,67
1388,Davao Del Sur - MALITA,67
1389,Davao Del Sur - MATANAO,67
1390,Davao Del Sur - PADADA,67
1391,Davao Del Sur - SANTA CRUZ,67
1392,Davao Del Sur - SANTA MARIA,67
1393,Davao Del Sur - SULOP,67
1394,Davao Del Sur - SARANGANI,67
1395,Davao Del Sur - DON MARCELINO,67
1396,Davao Oriental - BAGANGA,68
1397,Davao Oriental - BANAYBANAY,68
1398,Davao Oriental - BOSTON,68
1399,Davao Oriental - CARAGA,68
1400,Davao Oriental - CATEEL,68
1401,Davao Oriental - GOVERNOR GENEROSO,68
1402,Davao Oriental - LUPON,68
1403,Davao Oriental - MANAY,68
1404,Davao Oriental - CITY OF MATI (Capital),68
1405,Davao Oriental - SAN ISIDRO,68
1406,Davao Oriental - TARRAGONA,68
1407,Cotabato (North Cotabato) - ALAMADA,69
1408,Cotabato (North Cotabato) - CARMEN,69
1409,Cotabato (North Cotabato) - KABACAN,69
1410,Cotabato (North Cotabato) - CITY OF KIDAPAWAN (Cap,69
1411,Cotabato (North Cotabato) - LIBUNGAN,69
1412,Cotabato (North Cotabato) - MAGPET,69
1413,Cotabato (North Cotabato) - MAKILALA,69
1414,Cotabato (North Cotabato) - MATALAM,69
1415,Cotabato (North Cotabato) - MIDSAYAP,69
1416,Cotabato (North Cotabato) - M'LANG,69
1417,Cotabato (North Cotabato) - PIGKAWAYAN,69
1418,Cotabato (North Cotabato) - PIKIT,69
1419,Cotabato (North Cotabato) - PRESIDENT ROXAS,69
1420,Cotabato (North Cotabato) - TULUNAN,69
1421,Cotabato (North Cotabato) - ANTIPAS,69
1422,Cotabato (North Cotabato) - BANISILAN,69
1423,Cotabato (North Cotabato) - ALEOSAN,69
1424,Cotabato (North Cotabato) - ARAKAN,69
1425,COTABATO CITY,70
1426,Sarangani - ALABEL (Capital),71
1427,Sarangani - GLAN,71
1428,Sarangani - KIAMBA,71
1429,Sarangani - MAASIM,71
1430,Sarangani - MAITUM,71
1431,Sarangani - MALAPATAN,71
1432,Sarangani - MALUNGON,71
1433,SOUTH COTABATO - BANGA,72
1434,SOUTH COTABATO - GENERAL SANTOS CITY (DADIANGAS),72
1435,SOUTH COTABATO - CITY OF KORONADAL (Capital),72
1436,SOUTH COTABATO - NORALA,72
1437,SOUTH COTABATO - POLOMOLOK,72
1438,SOUTH COTABATO - SURALLAH,72
1439,SOUTH COTABATO - TAMPAKAN,72
1440,SOUTH COTABATO - TANTANGAN,72
1441,SOUTH COTABATO - T'BOLI,72
1442,SOUTH COTABATO - TUPI,72
1443,SOUTH COTABATO - SANTO NIÑO,72
1444,SOUTH COTABATO - LAKE SEBU,72
1445,Sultan Kudarat - BAGUMBAYAN,73
1446,Sultan Kudarat - COLUMBIO,73
1447,Sultan Kudarat - ESPERANZA,73
1448,Sultan Kudarat - ISULAN (Capital),73
1449,Sultan Kudarat - KALAMANSIG,73
1450,Sultan Kudarat - LEBAK,73
1451,Sultan Kudarat - LUTAYAN,73
1452,Sultan Kudarat - LAMBAYONG (MARIANO MARCOS),73
1453,Sultan Kudarat - PALIMBANG,73
1454,Sultan Kudarat - PRESIDENT QUIRINO,73
1455,Sultan Kudarat - CITY OF TACURONG,73
1456,Sultan Kudarat - SEN. NINOY AQUINO,73
1457,Agusan Del Norte - BUENAVISTA,74
1458,Agusan Del Norte - BUTUAN CITY (Capital),74
1459,Agusan Del Norte - CITY OF CABADBARAN,74
1460,Agusan Del Norte - CARMEN,74
1461,Agusan Del Norte - JABONGA,74
1462,Agusan Del Norte - KITCHARAO,74
1463,Agusan Del Norte - LAS NIEVES,74
1464,Agusan Del Norte - MAGALLANES,74
1465,Agusan Del Norte - NASIPIT,74
1466,Agusan Del Norte - SANTIAGO,74
1467,Agusan Del Norte - TUBAY,74
1468,Agusan Del Norte - REMEDIOS T. ROMUALDEZ,74
1469,Agusan Del Sur - CITY OF BAYUGAN,75
1470,Agusan Del Sur - BUNAWAN,75
1471,Agusan Del Sur - ESPERANZA,75
1472,Agusan Del Sur - LA PAZ,75
1473,Agusan Del Sur - LORETO,75
1474,Agusan Del Sur - PROSPERIDAD (Capital),75
1475,Agusan Del Sur - ROSARIO,75
1476,Agusan Del Sur - SAN FRANCISCO,75
1477,Agusan Del Sur - SAN LUIS,75
1478,Agusan Del Sur - SANTA JOSEFA,75
1479,Agusan Del Sur - TALACOGON,75
1480,Agusan Del Sur - TRENTO,75
1481,Agusan Del Sur - VERUELA,75
1482,Agusan Del Sur - SIBAGAT,75
1483,Dinagat Islands - BASILISA (RIZAL),76
1484,Dinagat Islands - CAGDIANAO,76
1485,Dinagat Islands - DINAGAT,76
1486,Dinagat Islands - LIBJO (ALBOR),76
1487,Dinagat Islands - LORETO,76
1488,Dinagat Islands - SAN JOSE (Capital),76
1489,Dinagat Islands - TUBAJON,76
1490,Surigao Del Norte - ALEGRIA,77
1491,Surigao Del Norte - BACUAG,77
1492,Surigao Del Norte - BURGOS,77
1493,Surigao Del Norte - CLAVER,77
1494,Surigao Del Norte - DAPA,77
1495,Surigao Del Norte - DEL CARMEN,77
1496,Surigao Del Norte - GENERAL LUNA,77
1497,Surigao Del Norte - GIGAQUIT,77
1498,Surigao Del Norte - MAINIT,77
1499,Surigao Del Norte - MALIMONO,77
1500,Surigao Del Norte - PILAR,77
1501,Surigao Del Norte - PLACER,77
1502,Surigao Del Norte - SAN BENITO,77
1503,Surigao Del Norte - SAN FRANCISCO (ANAO-AON),77
1504,Surigao Del Norte - SAN ISIDRO,77
1505,Surigao Del Norte - SANTA MONICA (SAPAO),77
1506,Surigao Del Norte - SISON,77
1507,Surigao Del Norte - SOCORRO,77
1508,Surigao Del Norte - SURIGAO CITY (Capital),77
1509,Surigao Del Norte - TAGANA-AN,77
1510,Surigao Del Norte - TUBOD,77
1511,Surigao Del Sur - BAROBO,78
1512,Surigao Del Sur - BAYABAS,78
1513,Surigao Del Sur - CITY OF BISLIG,78
1514,Surigao Del Sur - CAGWAIT,78
1515,Surigao Del Sur - CANTILAN,78
1516,Surigao Del Sur - CARMEN,78
1517,Surigao Del Sur - CARRASCAL,78
1518,Surigao Del Sur - CORTES,78
1519,Surigao Del Sur - HINATUAN,78
1520,Surigao Del Sur - LANUZA,78
1521,Surigao Del Sur - LIANGA,78
1522,Surigao Del Sur - LINGIG,78
1523,Surigao Del Sur - MADRID,78
1524,Surigao Del Sur - MARIHATAG,78
1525,Surigao Del Sur - SAN AGUSTIN,78
1526,Surigao Del Sur - SAN MIGUEL,78
1527,Surigao Del Sur - TAGBINA,78
1528,Surigao Del Sur - TAGO,78
1529,Surigao Del Sur - CITY OF TANDAG (Capital),78
1530,Basilan - CITY OF LAMITAN,79
1531,Basilan - LANTAWAN,79
1532,Basilan - MALUSO,79
1533,Basilan - SUMISIP,79
1534,Basilan - TIPO-TIPO,79
1535,Basilan - TUBURAN,79
1536,Basilan - AKBAR,79
1537,Basilan - AL-BARKA,79
1538,Basilan - HADJI MOHAMMAD AJUL,79
1539,Basilan - UNGKAYA PUKAN,79
1540,Basilan - HADJI MUHTAMAD,79
1541,Basilan - TABUAN-LASA,79
1542,Lanao Del Sur - BACOLOD-KALAWI (BACOLOD GRANDE),80
1543,Lanao Del Sur - BALABAGAN,80
1544,Lanao Del Sur - BALINDONG (WATU),80
1545,Lanao Del Sur - BAYANG,80
1546,Lanao Del Sur - BINIDAYAN,80
1547,Lanao Del Sur - BUBONG,80
1548,Lanao Del Sur - BUTIG,80
1549,Lanao Del Sur - GANASSI,80
1550,Lanao Del Sur - KAPAI,80
1551,Lanao Del Sur - LUMBA-BAYABAO (MAGUING),80
1552,Lanao Del Sur - LUMBATAN,80
1553,Lanao Del Sur - MADALUM,80
1554,Lanao Del Sur - MADAMBA,80
1555,Lanao Del Sur - MALABANG,80
1556,Lanao Del Sur - MARANTAO,80
1557,Lanao Del Sur - MARAWI CITY (Capital),80
1558,Lanao Del Sur - MASIU,80
1559,Lanao Del Sur - MULONDO,80
1560,Lanao Del Sur - PAGAYAWAN (TATARIKAN),80
1561,Lanao Del Sur - PIAGAPO,80
1562,Lanao Del Sur - POONA BAYABAO (GATA),80
1563,Lanao Del Sur - PUALAS,80
1564,Lanao Del Sur - DITSAAN-RAMAIN,80
1565,Lanao Del Sur - SAGUIARAN,80
1566,Lanao Del Sur - TAMPARAN,80
1567,Lanao Del Sur - TARAKA,80
1568,Lanao Del Sur - TUBARAN,80
1569,Lanao Del Sur - TUGAYA,80
1570,Lanao Del Sur - WAO,80
1571,Lanao Del Sur - MAROGONG,80
1572,Lanao Del Sur - CALANOGAS,80
1573,Lanao Del Sur - BUADIPOSO-BUNTONG,80
1574,Lanao Del Sur - MAGUING,80
1575,Lanao Del Sur - PICONG (SULTAN GUMANDER),80
1576,Lanao Del Sur - LUMBAYANAGUE,80
1577,Lanao Del Sur - BUMBARAN,80
1578,Lanao Del Sur - TAGOLOAN II,80
1579,Lanao Del Sur - KAPATAGAN,80
1580,Lanao Del Sur - SULTAN DUMALONDONG,80
1581,Lanao Del Sur - LUMBACA-UNAYAN,80
1582,Maguindanao - AMPATUAN,81
1583,Maguindanao - BULDON,81
1584,Maguindanao - BULUAN,81
1585,Maguindanao - DATU PAGLAS,81
1586,Maguindanao - DATU PIANG,81
1587,Maguindanao - DATU ODIN SINSUAT (DINAIG),81
1588,Maguindanao - SHARIFF AGUAK (MAGANOY) (Capital),81
1589,Maguindanao - MATANOG,81
1590,Maguindanao - PAGALUNGAN,81
1591,Maguindanao - PARANG,81
1592,Maguindanao - SULTAN KUDARAT (NULING),81
1593,Maguindanao - SULTAN SA BARONGIS (LAMBAYONG),81
1594,Maguindanao - KABUNTALAN (TUMBAO),81
1595,Maguindanao - UPI,81
1596,Maguindanao - TALAYAN,81
1597,Maguindanao - SOUTH UPI,81
1598,Maguindanao - BARIRA,81
1599,Maguindanao - GEN. S. K. PENDATUN,81
1600,Maguindanao - MAMASAPANO,81
1601,Maguindanao - TALITAY,81
1602,Maguindanao - PAGAGAWAN,81
1603,Maguindanao - PAGLAT,81
1604,Maguindanao - SULTAN MASTURA,81
1605,Maguindanao - GUINDULUNGAN,81
1606,Maguindanao - DATU SAUDI-AMPATUAN,81
1607,Maguindanao - DATU UNSAY,81
1608,Maguindanao - DATU ABDULLAH SANGKI,81
1609,Maguindanao - RAJAH BUAYAN,81
1610,Maguindanao - DATU BLAH T. SINSUAT,81
1611,Maguindanao - DATU ANGGAL MIDTIMBANG,81
1612,Maguindanao - MANGUDADATU,81
1613,Maguindanao - PANDAG,81
1614,Maguindanao - NORTHERN KABUNTALAN,81
1615,Maguindanao - DATU HOFFER AMPATUAN,81
1616,Maguindanao - DATU SALIBO,81
1617,Maguindanao - SHARIFF SAYDONA MUSTAPHA,81
1618,Sulu - INDANAN,82
1619,Sulu - JOLO (Capital),82
1620,Sulu - KALINGALAN CALUANG,82
1621,Sulu - LUUK,82
1622,Sulu - MAIMBUNG,82
1623,Sulu - HADJI PANGLIMA TAHIL (MARUNGGAS),82
1624,Sulu - OLD PANAMAO,82
1625,Sulu - PANGUTARAN,82
1626,Sulu - PARANG,82
1627,Sulu - PATA,82
1628,Sulu - PATIKUL,82
1629,Sulu - SIASI,82
1630,Sulu - TALIPAO,82
1631,Sulu - TAPUL,82
1632,Sulu - TONGKIL,82
1633,Sulu - PANGLIMA ESTINO (NEW PANAMAO),82
1634,Sulu - LUGUS,82
1635,Sulu - PANDAMI,82
1636,Sulu - OMAR,82
1637,Tawi-tawi - PANGLIMA SUGALA (BALIMBING) (Capital),83
1638,Tawi-tawi - BONGAO (Capital),83
1639,Tawi-tawi - MAPUN (CAGAYAN DE TAWI-TAWI),83
1640,Tawi-tawi - SIMUNUL,83
1641,Tawi-tawi - SITANGKAI,83
1642,Tawi-tawi - SOUTH UBIAN,83
1643,Tawi-tawi - TANDUBAS,83
1644,Tawi-tawi - TURTLE ISLANDS,83
1645,Tawi-tawi - LANGUYAN,83
1646,Tawi-tawi - SAPA-SAPA,83
1647,Tawi-tawi - SIBUTU,83
